name;value ;link;description;cost;quantity;added
resistor;;;;;;
R1;220;https://it.aliexpress.com/item/1005010070793079.html?spm=a2g0o.productlist.main.18.52f2bhG2bhG2zd&algo_pvid=34741f36-e2c5-4814-8425-32395133cee6&algo_exp_id=34741f36-e2c5-4814-8425-32395133cee6-43&pdp_ext_f=%7B%22order%22%3A%2218%22%2C%22spu_best_type%22%3A%22price%22%2C%22eval%22%3A%221%22%2C%22fromPage%22%3A%22search%22%7D&pdp_npi=6%40dis%21EUR%211.42%211.42%21%21%2110.92%2110.92%21%40211b813b17795353574155408e0437%2112000051030039025%21sea%21IT%214906144315%21X%211%210%21n_tag%3A-29919%3Bd%3Af5869dfc%3Bm03_new_user%3A-29895&curPageLogUid=H7QIyXNC0fT4&utparam-url=scene%3Asearch%7Cquery_from%3A%7Cx_object_id%3A1005010070793079%7C_p_origin_prod%3A;805;1,45;3;
R2;220;R1;805;R1;R1;
R3;3,6K;https://it.aliexpress.com/item/1005010070793079.html?spm=a2g0o.productlist.main.18.52f2bhG2bhG2zd&algo_pvid=34741f36-e2c5-4814-8425-32395133cee6&algo_exp_id=34741f36-e2c5-4814-8425-32395133cee6-43&pdp_ext_f=%7B%22order%22%3A%2218%22%2C%22spu_best_type%22%3A%22price%22%2C%22eval%22%3A%221%22%2C%22fromPage%22%3A%22search%22%7D&pdp_npi=6%40dis%21EUR%211.42%211.42%21%21%2110.92%2110.92%21%40211b813b17795353574155408e0437%2112000051030039025%21sea%21IT%214906144315%21X%211%210%21n_tag%3A-29919%3Bd%3Af5869dfc%3Bm03_new_user%3A-29895&curPageLogUid=H7QIyXNC0fT4&utparam-url=scene%3Asearch%7Cquery_from%3A%7Cx_object_id%3A1005010070793079%7C_p_origin_prod%3A;805;1,45;1;
R4;100;https://it.aliexpress.com/item/1005010070793079.html?spm=a2g0o.productlist.main.18.52f2bhG2bhG2zd&algo_pvid=34741f36-e2c5-4814-8425-32395133cee6&algo_exp_id=34741f36-e2c5-4814-8425-32395133cee6-43&pdp_ext_f=%7B%22order%22%3A%2218%22%2C%22spu_best_type%22%3A%22price%22%2C%22eval%22%3A%221%22%2C%22fromPage%22%3A%22search%22%7D&pdp_npi=6%40dis%21EUR%211.42%211.42%21%21%2110.92%2110.92%21%40211b813b17795353574155408e0437%2112000051030039025%21sea%21IT%214906144315%21X%211%210%21n_tag%3A-29919%3Bd%3Af5869dfc%3Bm03_new_user%3A-29895&curPageLogUid=H7QIyXNC0fT4&utparam-url=scene%3Asearch%7Cquery_from%3A%7Cx_object_id%3A1005010070793079%7C_p_origin_prod%3A;805;1,45;2;
R5;732K;https://it.aliexpress.com/item/1005005184230104.html?spm=a2g0o.productlist.main.3.7179aQWLaQWLPA&algo_pvid=e4b84cac-8b3e-4bc8-a1d6-2414b8415060&algo_exp_id=e4b84cac-8b3e-4bc8-a1d6-2414b8415060-22&pdp_ext_f=%7B%22order%22%3A%2217%22%2C%22eval%22%3A%221%22%2C%22fromPage%22%3A%22search%22%7D&pdp_npi=6%40dis%21EUR%212.06%212.06%21%21%2115.86%2115.86%21%402103894417795360204697024e6909%2112000032017018125%21sea%21IT%214906144315%21X%211%210%21n_tag%3A-29919%3Bd%3Af5869dfc%3Bm03_new_user%3A-29895&curPageLogUid=FjpJxLWFyGgd&utparam-url=scene%3Asearch%7Cquery_from%3A%7Cx_object_id%3A1005005184230104%7C_p_origin_prod%3A;805;2,07;1;
R6;100K;https://it.aliexpress.com/item/1005010070793079.html?spm=a2g0o.productlist.main.18.52f2bhG2bhG2zd&algo_pvid=34741f36-e2c5-4814-8425-32395133cee6&algo_exp_id=34741f36-e2c5-4814-8425-32395133cee6-43&pdp_ext_f=%7B%22order%22%3A%2218%22%2C%22spu_best_type%22%3A%22price%22%2C%22eval%22%3A%221%22%2C%22fromPage%22%3A%22search%22%7D&pdp_npi=6%40dis%21EUR%211.42%211.42%21%21%2110.92%2110.92%21%40211b813b17795353574155408e0437%2112000051030039025%21sea%21IT%214906144315%21X%211%210%21n_tag%3A-29919%3Bd%3Af5869dfc%3Bm03_new_user%3A-29895&curPageLogUid=H7QIyXNC0fT4&utparam-url=scene%3Asearch%7Cquery_from%3A%7Cx_object_id%3A1005010070793079%7C_p_origin_prod%3A;805;1,45;1;
R7;220;R1;805;R1;R1;
R8;1K;https://it.aliexpress.com/item/1005010070793079.html?spm=a2g0o.productlist.main.18.52f2bhG2bhG2zd&algo_pvid=34741f36-e2c5-4814-8425-32395133cee6&algo_exp_id=34741f36-e2c5-4814-8425-32395133cee6-43&pdp_ext_f=%7B%22order%22%3A%2218%22%2C%22spu_best_type%22%3A%22price%22%2C%22eval%22%3A%221%22%2C%22fromPage%22%3A%22search%22%7D&pdp_npi=6%40dis%21EUR%211.42%211.42%21%21%2110.92%2110.92%21%40211b813b17795353574155408e0437%2112000051030039025%21sea%21IT%214906144315%21X%211%210%21n_tag%3A-29919%3Bd%3Af5869dfc%3Bm03_new_user%3A-29895&curPageLogUid=H7QIyXNC0fT4&utparam-url=scene%3Asearch%7Cquery_from%3A%7Cx_object_id%3A1005010070793079%7C_p_origin_prod%3A;805;1,45;6;
R9;100;R4;805;R4;R4;
R10;1M;https://it.aliexpress.com/item/1005010070793079.html?spm=a2g0o.productlist.main.18.52f2bhG2bhG2zd&algo_pvid=34741f36-e2c5-4814-8425-32395133cee6&algo_exp_id=34741f36-e2c5-4814-8425-32395133cee6-43&pdp_ext_f=%7B%22order%22%3A%2218%22%2C%22spu_best_type%22%3A%22price%22%2C%22eval%22%3A%221%22%2C%22fromPage%22%3A%22search%22%7D&pdp_npi=6%40dis%21EUR%211.42%211.42%21%21%2110.92%2110.92%21%40211b813b17795353574155408e0437%2112000051030039025%21sea%21IT%214906144315%21X%211%210%21n_tag%3A-29919%3Bd%3Af5869dfc%3Bm03_new_user%3A-29895&curPageLogUid=H7QIyXNC0fT4&utparam-url=scene%3Asearch%7Cquery_from%3A%7Cx_object_id%3A1005010070793079%7C_p_origin_prod%3A;805;1,46;1;
R11;22K;https://it.aliexpress.com/item/1005010070793079.html?spm=a2g0o.productlist.main.18.52f2bhG2bhG2zd&algo_pvid=34741f36-e2c5-4814-8425-32395133cee6&algo_exp_id=34741f36-e2c5-4814-8425-32395133cee6-43&pdp_ext_f=%7B%22order%22%3A%2218%22%2C%22spu_best_type%22%3A%22price%22%2C%22eval%22%3A%221%22%2C%22fromPage%22%3A%22search%22%7D&pdp_npi=6%40dis%21EUR%211.42%211.42%21%21%2110.92%2110.92%21%40211b813b17795353574155408e0437%2112000051030039025%21sea%21IT%214906144315%21X%211%210%21n_tag%3A-29919%3Bd%3Af5869dfc%3Bm03_new_user%3A-29895&curPageLogUid=H7QIyXNC0fT4&utparam-url=scene%3Asearch%7Cquery_from%3A%7Cx_object_id%3A1005010070793079%7C_p_origin_prod%3A;805;1,45;1;
R12;56K;https://it.aliexpress.com/item/1005010070793079.html?spm=a2g0o.productlist.main.18.52f2bhG2bhG2zd&algo_pvid=34741f36-e2c5-4814-8425-32395133cee6&algo_exp_id=34741f36-e2c5-4814-8425-32395133cee6-43&pdp_ext_f=%7B%22order%22%3A%2218%22%2C%22spu_best_type%22%3A%22price%22%2C%22eval%22%3A%221%22%2C%22fromPage%22%3A%22search%22%7D&pdp_npi=6%40dis%21EUR%211.42%211.42%21%21%2110.92%2110.92%21%40211b813b17795353574155408e0437%2112000051030039025%21sea%21IT%214906144315%21X%211%210%21n_tag%3A-29919%3Bd%3Af5869dfc%3Bm03_new_user%3A-29895&curPageLogUid=H7QIyXNC0fT4&utparam-url=scene%3Asearch%7Cquery_from%3A%7Cx_object_id%3A1005010070793079%7C_p_origin_prod%3A;805;1,45;1;
R13;1K;R8;805;R8;R8;
R14;1,6K;https://it.aliexpress.com/item/1005010070793079.html?spm=a2g0o.productlist.main.18.52f2bhG2bhG2zd&algo_pvid=34741f36-e2c5-4814-8425-32395133cee6&algo_exp_id=34741f36-e2c5-4814-8425-32395133cee6-43&pdp_ext_f=%7B%22order%22%3A%2218%22%2C%22spu_best_type%22%3A%22price%22%2C%22eval%22%3A%221%22%2C%22fromPage%22%3A%22search%22%7D&pdp_npi=6%40dis%21EUR%211.42%211.42%21%21%2110.92%2110.92%21%40211b813b17795353574155408e0437%2112000051030039025%21sea%21IT%214906144315%21X%211%210%21n_tag%3A-29919%3Bd%3Af5869dfc%3Bm03_new_user%3A-29895&curPageLogUid=H7QIyXNC0fT4&utparam-url=scene%3Asearch%7Cquery_from%3A%7Cx_object_id%3A1005010070793079%7C_p_origin_prod%3A;805;1,45;1;
R15;1K;R8;805;R8;R8;
R16;1K;R8;805;R8;R8;
R17;1K;R8;805;R8;R8;
R18;1K;R8;805;R8;R8;
R19;10K;https://it.aliexpress.com/item/1005010070793079.html?spm=a2g0o.productlist.main.18.52f2bhG2bhG2zd&algo_pvid=34741f36-e2c5-4814-8425-32395133cee6&algo_exp_id=34741f36-e2c5-4814-8425-32395133cee6-43&pdp_ext_f=%7B%22order%22%3A%2218%22%2C%22spu_best_type%22%3A%22price%22%2C%22eval%22%3A%221%22%2C%22fromPage%22%3A%22search%22%7D&pdp_npi=6%40dis%21EUR%211.42%211.42%21%21%2110.92%2110.92%21%40211b813b17795353574155408e0437%2112000051030039025%21sea%21IT%214906144315%21X%211%210%21n_tag%3A-29919%3Bd%3Af5869dfc%3Bm03_new_user%3A-29895&curPageLogUid=H7QIyXNC0fT4&utparam-url=scene%3Asearch%7Cquery_from%3A%7Cx_object_id%3A1005010070793079%7C_p_origin_prod%3A;805;1,45;6;
R20;10K;R19;805;R19;R19;
R21;10K;R19;805;R19;R19;
R22;10K;R19;805;R19;R19;
R23;10K;R19;805;R19;R19;
R24;10K;R19;805;R19;R19;
capacitor;;;;;;
C1;0,1 uF;https://it.aliexpress.com/item/1005005929029743.html?spm=a2g0o.productlist.main.10.3d394FiP4FiPIT&algo_pvid=1222478e-0192-4076-8fda-05c944d02e5f&algo_exp_id=1222478e-0192-4076-8fda-05c944d02e5f-42&pdp_ext_f=%7B%22order%22%3A%2299%22%2C%22eval%22%3A%221%22%2C%22fromPage%22%3A%22search%22%7D&pdp_npi=6%40dis%21EUR%211.21%211.21%21%21%211.37%211.37%21%40211b80d117795361876402506ec17b%2112000034890773016%21sea%21IT%214906144315%21X%211%210%21n_tag%3A-29919%3Bd%3Af5869dfc%3Bm03_new_user%3A-29895&curPageLogUid=6vnH26Bvr1Cc&utparam-url=scene%3Asearch%7Cquery_from%3A%7Cx_object_id%3A1005005929029743%7C_p_origin_prod%3A;805;1,22;7;
C2;1 uF;https://it.aliexpress.com/item/1005005929029743.html?spm=a2g0o.productlist.main.10.3d394FiP4FiPIT&algo_pvid=1222478e-0192-4076-8fda-05c944d02e5f&algo_exp_id=1222478e-0192-4076-8fda-05c944d02e5f-42&pdp_ext_f=%7B%22order%22%3A%2299%22%2C%22eval%22%3A%221%22%2C%22fromPage%22%3A%22search%22%7D&pdp_npi=6%40dis%21EUR%211.21%211.21%21%21%211.37%211.37%21%40211b80d117795361876402506ec17b%2112000034890773016%21sea%21IT%214906144315%21X%211%210%21n_tag%3A-29919%3Bd%3Af5869dfc%3Bm03_new_user%3A-29895&curPageLogUid=6vnH26Bvr1Cc&utparam-url=scene%3Asearch%7Cquery_from%3A%7Cx_object_id%3A1005005929029743%7C_p_origin_prod%3A;805;1,6;11;
C3;10 uF;https://it.aliexpress.com/item/1005005929029743.html?spm=a2g0o.productlist.main.10.3d394FiP4FiPIT&algo_pvid=1222478e-0192-4076-8fda-05c944d02e5f&algo_exp_id=1222478e-0192-4076-8fda-05c944d02e5f-42&pdp_ext_f=%7B%22order%22%3A%2299%22%2C%22eval%22%3A%221%22%2C%22fromPage%22%3A%22search%22%7D&pdp_npi=6%40dis%21EUR%211.21%211.21%21%21%211.37%211.37%21%40211b80d117795361876402506ec17b%2112000034890773016%21sea%21IT%214906144315%21X%211%210%21n_tag%3A-29919%3Bd%3Af5869dfc%3Bm03_new_user%3A-29895&curPageLogUid=6vnH26Bvr1Cc&utparam-url=scene%3Asearch%7Cquery_from%3A%7Cx_object_id%3A1005005929029743%7C_p_origin_prod%3A;805;1,46;2;
C4;22 uF;https://it.aliexpress.com/item/1005005929029743.html?spm=a2g0o.productlist.main.10.3d394FiP4FiPIT&algo_pvid=1222478e-0192-4076-8fda-05c944d02e5f&algo_exp_id=1222478e-0192-4076-8fda-05c944d02e5f-42&pdp_ext_f=%7B%22order%22%3A%2299%22%2C%22eval%22%3A%221%22%2C%22fromPage%22%3A%22search%22%7D&pdp_npi=6%40dis%21EUR%211.21%211.21%21%21%211.37%211.37%21%40211b80d117795361876402506ec17b%2112000034890773016%21sea%21IT%214906144315%21X%211%210%21n_tag%3A-29919%3Bd%3Af5869dfc%3Bm03_new_user%3A-29895&curPageLogUid=6vnH26Bvr1Cc&utparam-url=scene%3Asearch%7Cquery_from%3A%7Cx_object_id%3A1005005929029743%7C_p_origin_prod%3A;805;1,6;1;
C5;2,2 nF;https://it.aliexpress.com/item/1005005929029743.html?spm=a2g0o.productlist.main.10.3d394FiP4FiPIT&algo_pvid=1222478e-0192-4076-8fda-05c944d02e5f&algo_exp_id=1222478e-0192-4076-8fda-05c944d02e5f-42&pdp_ext_f=%7B%22order%22%3A%2299%22%2C%22eval%22%3A%221%22%2C%22fromPage%22%3A%22search%22%7D&pdp_npi=6%40dis%21EUR%211.21%211.21%21%21%211.37%211.37%21%40211b80d117795361876402506ec17b%2112000034890773016%21sea%21IT%214906144315%21X%211%210%21n_tag%3A-29919%3Bd%3Af5869dfc%3Bm03_new_user%3A-29895&curPageLogUid=6vnH26Bvr1Cc&utparam-url=scene%3Asearch%7Cquery_from%3A%7Cx_object_id%3A1005005929029743%7C_p_origin_prod%3A;805;1,36;1;
C6;4,7 pF;https://it.aliexpress.com/item/1005005929029743.html?spm=a2g0o.productlist.main.10.3d394FiP4FiPIT&algo_pvid=1222478e-0192-4076-8fda-05c944d02e5f&algo_exp_id=1222478e-0192-4076-8fda-05c944d02e5f-42&pdp_ext_f=%7B%22order%22%3A%2299%22%2C%22eval%22%3A%221%22%2C%22fromPage%22%3A%22search%22%7D&pdp_npi=6%40dis%21EUR%211.21%211.21%21%21%211.37%211.37%21%40211b80d117795361876402506ec17b%2112000034890773016%21sea%21IT%214906144315%21X%211%210%21n_tag%3A-29919%3Bd%3Af5869dfc%3Bm03_new_user%3A-29895&curPageLogUid=6vnH26Bvr1Cc&utparam-url=scene%3Asearch%7Cquery_from%3A%7Cx_object_id%3A1005005929029743%7C_p_origin_prod%3A;805;1,36;1;
C7;1,5 pF;https://it.aliexpress.com/item/1005005929029743.html?spm=a2g0o.productlist.main.10.3d394FiP4FiPIT&algo_pvid=1222478e-0192-4076-8fda-05c944d02e5f&algo_exp_id=1222478e-0192-4076-8fda-05c944d02e5f-42&pdp_ext_f=%7B%22order%22%3A%2299%22%2C%22eval%22%3A%221%22%2C%22fromPage%22%3A%22search%22%7D&pdp_npi=6%40dis%21EUR%211.21%211.21%21%21%211.37%211.37%21%40211b80d117795361876402506ec17b%2112000034890773016%21sea%21IT%214906144315%21X%211%210%21n_tag%3A-29919%3Bd%3Af5869dfc%3Bm03_new_user%3A-29895&curPageLogUid=6vnH26Bvr1Cc&utparam-url=scene%3Asearch%7Cquery_from%3A%7Cx_object_id%3A1005005929029743%7C_p_origin_prod%3A;805;1,36;3;
C8;33 nF;https://it.aliexpress.com/item/1005005929029743.html?spm=a2g0o.productlist.main.10.3d394FiP4FiPIT&algo_pvid=1222478e-0192-4076-8fda-05c944d02e5f&algo_exp_id=1222478e-0192-4076-8fda-05c944d02e5f-42&pdp_ext_f=%7B%22order%22%3A%2299%22%2C%22eval%22%3A%221%22%2C%22fromPage%22%3A%22search%22%7D&pdp_npi=6%40dis%21EUR%211.21%211.21%21%21%211.37%211.37%21%40211b80d117795361876402506ec17b%2112000034890773016%21sea%21IT%214906144315%21X%211%210%21n_tag%3A-29919%3Bd%3Af5869dfc%3Bm03_new_user%3A-29895&curPageLogUid=6vnH26Bvr1Cc&utparam-url=scene%3Asearch%7Cquery_from%3A%7Cx_object_id%3A1005005929029743%7C_p_origin_prod%3A;805;1,37;1;
C9;1 pF;https://it.aliexpress.com/item/1005005929029743.html?spm=a2g0o.productlist.main.10.3d394FiP4FiPIT&algo_pvid=1222478e-0192-4076-8fda-05c944d02e5f&algo_exp_id=1222478e-0192-4076-8fda-05c944d02e5f-42&pdp_ext_f=%7B%22order%22%3A%2299%22%2C%22eval%22%3A%221%22%2C%22fromPage%22%3A%22search%22%7D&pdp_npi=6%40dis%21EUR%211.21%211.21%21%21%211.37%211.37%21%40211b80d117795361876402506ec17b%2112000034890773016%21sea%21IT%214906144315%21X%211%210%21n_tag%3A-29919%3Bd%3Af5869dfc%3Bm03_new_user%3A-29895&curPageLogUid=6vnH26Bvr1Cc&utparam-url=scene%3Asearch%7Cquery_from%3A%7Cx_object_id%3A1005005929029743%7C_p_origin_prod%3A;805;1,36;2;
C10;22 pF;https://it.aliexpress.com/item/1005005929029743.html?spm=a2g0o.productlist.main.10.3d394FiP4FiPIT&algo_pvid=1222478e-0192-4076-8fda-05c944d02e5f&algo_exp_id=1222478e-0192-4076-8fda-05c944d02e5f-42&pdp_ext_f=%7B%22order%22%3A%2299%22%2C%22eval%22%3A%221%22%2C%22fromPage%22%3A%22search%22%7D&pdp_npi=6%40dis%21EUR%211.21%211.21%21%21%211.37%211.37%21%40211b80d117795361876402506ec17b%2112000034890773016%21sea%21IT%214906144315%21X%211%210%21n_tag%3A-29919%3Bd%3Af5869dfc%3Bm03_new_user%3A-29895&curPageLogUid=6vnH26Bvr1Cc&utparam-url=scene%3Asearch%7Cquery_from%3A%7Cx_object_id%3A1005005929029743%7C_p_origin_prod%3A;805;1,38;6;
C11;22 pF;C10;805;C10;C10;
C12;100 nF;https://it.aliexpress.com/item/1005005929029743.html?spm=a2g0o.productlist.main.10.3d394FiP4FiPIT&algo_pvid=1222478e-0192-4076-8fda-05c944d02e5f&algo_exp_id=1222478e-0192-4076-8fda-05c944d02e5f-42&pdp_ext_f=%7B%22order%22%3A%2299%22%2C%22eval%22%3A%221%22%2C%22fromPage%22%3A%22search%22%7D&pdp_npi=6%40dis%21EUR%211.21%211.21%21%21%211.37%211.37%21%40211b80d117795361876402506ec17b%2112000034890773016%21sea%21IT%214906144315%21X%211%210%21n_tag%3A-29919%3Bd%3Af5869dfc%3Bm03_new_user%3A-29895&curPageLogUid=6vnH26Bvr1Cc&utparam-url=scene%3Asearch%7Cquery_from%3A%7Cx_object_id%3A1005005929029743%7C_p_origin_prod%3A;805;1,21;1;
C13;27 pF;https://it.aliexpress.com/item/1005005929029743.html?spm=a2g0o.productlist.main.10.3d394FiP4FiPIT&algo_pvid=1222478e-0192-4076-8fda-05c944d02e5f&algo_exp_id=1222478e-0192-4076-8fda-05c944d02e5f-42&pdp_ext_f=%7B%22order%22%3A%2299%22%2C%22eval%22%3A%221%22%2C%22fromPage%22%3A%22search%22%7D&pdp_npi=6%40dis%21EUR%211.21%211.21%21%21%211.37%211.37%21%40211b80d117795361876402506ec17b%2112000034890773016%21sea%21IT%214906144315%21X%211%210%21n_tag%3A-29919%3Bd%3Af5869dfc%3Bm03_new_user%3A-29895&curPageLogUid=6vnH26Bvr1Cc&utparam-url=scene%3Asearch%7Cquery_from%3A%7Cx_object_id%3A1005005929029743%7C_p_origin_prod%3A;805;1,38;2;
C14;27 pF;C13;805;C13;C13;
C15;1 pF;C9;805;C9;C9;
C16;100 pF;https://it.aliexpress.com/item/1005005929029743.html?spm=a2g0o.productlist.main.10.3d394FiP4FiPIT&algo_pvid=1222478e-0192-4076-8fda-05c944d02e5f&algo_exp_id=1222478e-0192-4076-8fda-05c944d02e5f-42&pdp_ext_f=%7B%22order%22%3A%2299%22%2C%22eval%22%3A%221%22%2C%22fromPage%22%3A%22search%22%7D&pdp_npi=6%40dis%21EUR%211.21%211.21%21%21%211.37%211.37%21%40211b80d117795361876402506ec17b%2112000034890773016%21sea%21IT%214906144315%21X%211%210%21n_tag%3A-29919%3Bd%3Af5869dfc%3Bm03_new_user%3A-29895&curPageLogUid=6vnH26Bvr1Cc&utparam-url=scene%3Asearch%7Cquery_from%3A%7Cx_object_id%3A1005005929029743%7C_p_origin_prod%3A;805;1,36;1;
C17;1,5 pF;C7;805;C7;C7;
C18;1,5pF;C7;805;C7;C7;
C19;3,3 pF;https://it.aliexpress.com/item/1005005929029743.html?spm=a2g0o.productlist.main.10.3d394FiP4FiPIT&algo_pvid=1222478e-0192-4076-8fda-05c944d02e5f&algo_exp_id=1222478e-0192-4076-8fda-05c944d02e5f-42&pdp_ext_f=%7B%22order%22%3A%2299%22%2C%22eval%22%3A%221%22%2C%22fromPage%22%3A%22search%22%7D&pdp_npi=6%40dis%21EUR%211.21%211.21%21%21%211.37%211.37%21%40211b80d117795361876402506ec17b%2112000034890773016%21sea%21IT%214906144315%21X%211%210%21n_tag%3A-29919%3Bd%3Af5869dfc%3Bm03_new_user%3A-29895&curPageLogUid=6vnH26Bvr1Cc&utparam-url=scene%3Asearch%7Cquery_from%3A%7Cx_object_id%3A1005005929029743%7C_p_origin_prod%3A;805;1,38;1;
C20;47 pF;https://it.aliexpress.com/item/1005005929029743.html?spm=a2g0o.productlist.main.10.3d394FiP4FiPIT&algo_pvid=1222478e-0192-4076-8fda-05c944d02e5f&algo_exp_id=1222478e-0192-4076-8fda-05c944d02e5f-42&pdp_ext_f=%7B%22order%22%3A%2299%22%2C%22eval%22%3A%221%22%2C%22fromPage%22%3A%22search%22%7D&pdp_npi=6%40dis%21EUR%211.21%211.21%21%21%211.37%211.37%21%40211b80d117795361876402506ec17b%2112000034890773016%21sea%21IT%214906144315%21X%211%210%21n_tag%3A-29919%3Bd%3Af5869dfc%3Bm03_new_user%3A-29895&curPageLogUid=6vnH26Bvr1Cc&utparam-url=scene%3Asearch%7Cquery_from%3A%7Cx_object_id%3A1005005929029743%7C_p_origin_prod%3A;805;1,38;1;
C21;12 pF;https://it.aliexpress.com/item/1005005929029743.html?spm=a2g0o.productlist.main.10.3d394FiP4FiPIT&algo_pvid=1222478e-0192-4076-8fda-05c944d02e5f&algo_exp_id=1222478e-0192-4076-8fda-05c944d02e5f-42&pdp_ext_f=%7B%22order%22%3A%2299%22%2C%22eval%22%3A%221%22%2C%22fromPage%22%3A%22search%22%7D&pdp_npi=6%40dis%21EUR%211.21%211.21%21%21%211.37%211.37%21%40211b80d117795361876402506ec17b%2112000034890773016%21sea%21IT%214906144315%21X%211%210%21n_tag%3A-29919%3Bd%3Af5869dfc%3Bm03_new_user%3A-29895&curPageLogUid=6vnH26Bvr1Cc&utparam-url=scene%3Asearch%7Cquery_from%3A%7Cx_object_id%3A1005005929029743%7C_p_origin_prod%3A;805;1,38;1;
C22;22 pF;C10;805;C10;C10;
C23;22 pF;C10;805;C10;C10;
C24;0,1 uF;C1;805;C1;C1;
C25;0,1 uF;C1;805;C1;C1;
C26;0,1 uF;C1;805;C1;C1;
C27;0,1 uF;C1;805;C1;C1;
C28;10 uF;C3;805;C3;C3;
C29;0,1 uF;C1;805;C1;C1;
C30;4,7 uF;https://it.aliexpress.com/item/1005005929029743.html?spm=a2g0o.productlist.main.10.3d394FiP4FiPIT&algo_pvid=1222478e-0192-4076-8fda-05c944d02e5f&algo_exp_id=1222478e-0192-4076-8fda-05c944d02e5f-42&pdp_ext_f=%7B%22order%22%3A%2299%22%2C%22eval%22%3A%221%22%2C%22fromPage%22%3A%22search%22%7D&pdp_npi=6%40dis%21EUR%211.21%211.21%21%21%211.37%211.37%21%40211b80d117795361876402506ec17b%2112000034890773016%21sea%21IT%214906144315%21X%211%210%21n_tag%3A-29919%3Bd%3Af5869dfc%3Bm03_new_user%3A-29895&curPageLogUid=6vnH26Bvr1Cc&utparam-url=scene%3Asearch%7Cquery_from%3A%7Cx_object_id%3A1005005929029743%7C_p_origin_prod%3A;805;1,6;1;
C31;22 pF;C10;805;C10;C10;
C32;220 pF;https://it.aliexpress.com/item/1005005929029743.html?spm=a2g0o.productlist.main.10.3d394FiP4FiPIT&algo_pvid=1222478e-0192-4076-8fda-05c944d02e5f&algo_exp_id=1222478e-0192-4076-8fda-05c944d02e5f-42&pdp_ext_f=%7B%22order%22%3A%2299%22%2C%22eval%22%3A%221%22%2C%22fromPage%22%3A%22search%22%7D&pdp_npi=6%40dis%21EUR%211.21%211.21%21%21%211.37%211.37%21%40211b80d117795361876402506ec17b%2112000034890773016%21sea%21IT%214906144315%21X%211%210%21n_tag%3A-29919%3Bd%3Af5869dfc%3Bm03_new_user%3A-29895&curPageLogUid=6vnH26Bvr1Cc&utparam-url=scene%3Asearch%7Cquery_from%3A%7Cx_object_id%3A1005005929029743%7C_p_origin_prod%3A;805;1,38;2;
C33;220 pF;C32;805;C32;C32;
C34;22 pF;C10;805;C10;C10;
C35;200 pF;https://it.aliexpress.com/item/1005005929029743.html?spm=a2g0o.productlist.main.10.3d394FiP4FiPIT&algo_pvid=1222478e-0192-4076-8fda-05c944d02e5f&algo_exp_id=1222478e-0192-4076-8fda-05c944d02e5f-42&pdp_ext_f=%7B%22order%22%3A%2299%22%2C%22eval%22%3A%221%22%2C%22fromPage%22%3A%22search%22%7D&pdp_npi=6%40dis%21EUR%211.21%211.21%21%21%211.37%211.37%21%40211b80d117795361876402506ec17b%2112000034890773016%21sea%21IT%214906144315%21X%211%210%21n_tag%3A-29919%3Bd%3Af5869dfc%3Bm03_new_user%3A-29895&curPageLogUid=6vnH26Bvr1Cc&utparam-url=scene%3Asearch%7Cquery_from%3A%7Cx_object_id%3A1005005929029743%7C_p_origin_prod%3A;805;1,38;2;
C36;200 pF;C35;805;C35;C35;
C37;1 nF;https://it.aliexpress.com/item/1005005929029743.html?spm=a2g0o.productlist.main.10.3d394FiP4FiPIT&algo_pvid=1222478e-0192-4076-8fda-05c944d02e5f&algo_exp_id=1222478e-0192-4076-8fda-05c944d02e5f-42&pdp_ext_f=%7B%22order%22%3A%2299%22%2C%22eval%22%3A%221%22%2C%22fromPage%22%3A%22search%22%7D&pdp_npi=6%40dis%21EUR%211.21%211.21%21%21%211.37%211.37%21%40211b80d117795361876402506ec17b%2112000034890773016%21sea%21IT%214906144315%21X%211%210%21n_tag%3A-29919%3Bd%3Af5869dfc%3Bm03_new_user%3A-29895&curPageLogUid=6vnH26Bvr1Cc&utparam-url=scene%3Asearch%7Cquery_from%3A%7Cx_object_id%3A1005005929029743%7C_p_origin_prod%3A;805;1,37;1;
C38;0,1 uF;C1;805;C1;C1;
C39;1 uF;C2;805;C2;C2;
C40;1 uF;C2;805;C2;C2;
C41;1 uF;C2;805;C2;C2;
C42;1 uF;C2;805;C2;C2;
C43;1 uF;C2;805;C2;C2;
C44;1 uF;C2;805;C2;C2;
C45;1 uF;C2;805;C2;C2;
C46;1 uF;C2;805;C2;C2;
C47;1 uF;C2;805;C2;C2;
C48;1 uF;C2;805;C2;C2;
inductor;;;;;;
L1;2.7 nH;https://it.aliexpress.com/item/1005003062755166.html?spm=a2g0o.productlist.main.5.48edRiiKRiiKjA&algo_pvid=fd165634-4408-41cd-910b-1495993fdca0&algo_exp_id=fd165634-4408-41cd-910b-1495993fdca0-2&pdp_ext_f=%7B%22order%22%3A%229%22%2C%22spu_best_type%22%3A%22price%22%2C%22eval%22%3A%221%22%2C%22fromPage%22%3A%22search%22%7D&pdp_npi=6%40dis%21EUR%211.61%211.61%21%21%211.83%211.83%21%40210390b817795376314901449e957e%2112000023715137271%21sea%21IT%214906144315%21X%211%210%21n_tag%3A-29919%3Bd%3Af5869dfc%3Bm03_new_user%3A-29895&curPageLogUid=HGVAlLHM7vi2&utparam-url=scene%3Asearch%7Cquery_from%3A%7Cx_object_id%3A1005003062755166%7C_p_origin_prod%3A;805;1,65;1;
L2;8,2 nH;https://it.aliexpress.com/item/1005003062755166.html?spm=a2g0o.productlist.main.5.48edRiiKRiiKjA&algo_pvid=fd165634-4408-41cd-910b-1495993fdca0&algo_exp_id=fd165634-4408-41cd-910b-1495993fdca0-2&pdp_ext_f=%7B%22order%22%3A%229%22%2C%22spu_best_type%22%3A%22price%22%2C%22eval%22%3A%221%22%2C%22fromPage%22%3A%22search%22%7D&pdp_npi=6%40dis%21EUR%211.61%211.61%21%21%211.83%211.83%21%40210390b817795376314901449e957e%2112000023715137271%21sea%21IT%214906144315%21X%211%210%21n_tag%3A-29919%3Bd%3Af5869dfc%3Bm03_new_user%3A-29895&curPageLogUid=HGVAlLHM7vi2&utparam-url=scene%3Asearch%7Cquery_from%3A%7Cx_object_id%3A1005003062755166%7C_p_origin_prod%3A;805;1,62;1;
L3;3,9 nH;https://it.aliexpress.com/item/1005003062755166.html?spm=a2g0o.productlist.main.5.48edRiiKRiiKjA&algo_pvid=fd165634-4408-41cd-910b-1495993fdca0&algo_exp_id=fd165634-4408-41cd-910b-1495993fdca0-2&pdp_ext_f=%7B%22order%22%3A%229%22%2C%22spu_best_type%22%3A%22price%22%2C%22eval%22%3A%221%22%2C%22fromPage%22%3A%22search%22%7D&pdp_npi=6%40dis%21EUR%211.61%211.61%21%21%211.83%211.83%21%40210390b817795376314901449e957e%2112000023715137271%21sea%21IT%214906144315%21X%211%210%21n_tag%3A-29919%3Bd%3Af5869dfc%3Bm03_new_user%3A-29895&curPageLogUid=HGVAlLHM7vi2&utparam-url=scene%3Asearch%7Cquery_from%3A%7Cx_object_id%3A1005003062755166%7C_p_origin_prod%3A;805;1,62;1;
L4;33 nH;https://it.aliexpress.com/item/1005006165931240.html?spm=a2g0o.productlist.main.18.21f2zW67zW67V0&algo_pvid=2a650fa3-cab0-43cb-9298-da157db3bc9b&algo_exp_id=2a650fa3-cab0-43cb-9298-da157db3bc9b-17&pdp_ext_f=%7B%22order%22%3A%2249%22%2C%22eval%22%3A%221%22%2C%22fromPage%22%3A%22search%22%7D&pdp_npi=6%40dis%21EUR%210.93%210.64%21%21%211.06%210.73%21%402103867617795379684891938e5ce2%2112000053523257620%21sea%21IT%214906144315%21X%211%210%21n_tag%3A-29919%3Bd%3Af5869dfc%3Bm03_new_user%3A-29895&curPageLogUid=9K7uLeTzDaML&utparam-url=scene%3Asearch%7Cquery_from%3A%7Cx_object_id%3A1005006165931240%7C_p_origin_prod%3A;805;5,47;2;
L5;33 nH;L4;805;L4;L4;
L6;18 nH;https://it.aliexpress.com/item/1005003062755166.html?spm=a2g0o.productlist.main.5.48edRiiKRiiKjA&algo_pvid=fd165634-4408-41cd-910b-1495993fdca0&algo_exp_id=fd165634-4408-41cd-910b-1495993fdca0-2&pdp_ext_f=%7B%22order%22%3A%229%22%2C%22spu_best_type%22%3A%22price%22%2C%22eval%22%3A%221%22%2C%22fromPage%22%3A%22search%22%7D&pdp_npi=6%40dis%21EUR%211.61%211.61%21%21%211.83%211.83%21%40210390b817795376314901449e957e%2112000023715137271%21sea%21IT%214906144315%21X%211%210%21n_tag%3A-29919%3Bd%3Af5869dfc%3Bm03_new_user%3A-29895&curPageLogUid=HGVAlLHM7vi2&utparam-url=scene%3Asearch%7Cquery_from%3A%7Cx_object_id%3A1005003062755166%7C_p_origin_prod%3A;805;1,62;2;
L7;18 nH;L6;805;L6;L6;
L8;12 nH;https://it.aliexpress.com/item/1005003062755166.html?spm=a2g0o.productlist.main.5.48edRiiKRiiKjA&algo_pvid=fd165634-4408-41cd-910b-1495993fdca0&algo_exp_id=fd165634-4408-41cd-910b-1495993fdca0-2&pdp_ext_f=%7B%22order%22%3A%229%22%2C%22spu_best_type%22%3A%22price%22%2C%22eval%22%3A%221%22%2C%22fromPage%22%3A%22search%22%7D&pdp_npi=6%40dis%21EUR%211.61%211.61%21%21%211.83%211.83%21%40210390b817795376314901449e957e%2112000023715137271%21sea%21IT%214906144315%21X%211%210%21n_tag%3A-29919%3Bd%3Af5869dfc%3Bm03_new_user%3A-29895&curPageLogUid=HGVAlLHM7vi2&utparam-url=scene%3Asearch%7Cquery_from%3A%7Cx_object_id%3A1005003062755166%7C_p_origin_prod%3A;805;1,65;2;
L9;12 nH;L8;805;L8;L8;
L10;3,3 nH;https://it.aliexpress.com/item/1005003062755166.html?spm=a2g0o.productlist.main.5.48edRiiKRiiKjA&algo_pvid=fd165634-4408-41cd-910b-1495993fdca0&algo_exp_id=fd165634-4408-41cd-910b-1495993fdca0-2&pdp_ext_f=%7B%22order%22%3A%229%22%2C%22spu_best_type%22%3A%22price%22%2C%22eval%22%3A%221%22%2C%22fromPage%22%3A%22search%22%7D&pdp_npi=6%40dis%21EUR%211.61%211.61%21%21%211.83%211.83%21%40210390b817795376314901449e957e%2112000023715137271%21sea%21IT%214906144315%21X%211%210%21n_tag%3A-29919%3Bd%3Af5869dfc%3Bm03_new_user%3A-29895&curPageLogUid=HGVAlLHM7vi2&utparam-url=scene%3Asearch%7Cquery_from%3A%7Cx_object_id%3A1005003062755166%7C_p_origin_prod%3A;805;1,62;1;
L11;560 nH;https://it.aliexpress.com/item/1005003091167117.html?spm=a2g0o.productlist.main.1.1c8e4sd04sd0vK&algo_pvid=f2738712-4b18-4023-bf56-4de7f429ba46&algo_exp_id=f2738712-4b18-4023-bf56-4de7f429ba46-2&pdp_ext_f=%7B%22order%22%3A%22117%22%2C%22spu_best_type%22%3A%22price%22%2C%22eval%22%3A%221%22%2C%22fromPage%22%3A%22search%22%7D&pdp_npi=6%40dis%21EUR%211.91%211.91%21%21%212.17%212.17%21%40211b61ae17795387368165688ec4a6%2112000024029016635%21sea%21IT%214906144315%21X%211%210%21n_tag%3A-29919%3Bd%3Af5869dfc%3Bm03_new_user%3A-29895&curPageLogUid=mVv6AIsGG76P&utparam-url=scene%3Asearch%7Cquery_from%3A%7Cx_object_id%3A1005003091167117%7C_p_origin_prod%3A;1210;1,99;2;
L12;560 nH;L11;1210;L11;L11;
L13;1 uH;https://it.aliexpress.com/item/1005003827404196.html?spm=a2g0o.productlist.main.7.652a8muo8muobJ&algo_pvid=a10872c3-8c79-47c8-9ea3-301d704db972&algo_exp_id=a10872c3-8c79-47c8-9ea3-301d704db972-2&pdp_ext_f=%7B%22order%22%3A%227%22%2C%22eval%22%3A%221%22%2C%22fromPage%22%3A%22search%22%7D&pdp_npi=6%40dis%21EUR%213.89%213.89%21%21%214.41%214.41%21%40210385db17795384752841120e2d9f%2112000027286020345%21sea%21IT%214906144315%21X%211%210%21n_tag%3A-29919%3Bd%3Af5869dfc%3Bm03_new_user%3A-29895&curPageLogUid=LllgTqEMFPfj&utparam-url=scene%3Asearch%7Cquery_from%3A%7Cx_object_id%3A1005003827404196%7C_p_origin_prod%3A;805;3,89;1;
L14;1 mH;https://it.aliexpress.com/item/4001191068539.html?spm=a2g0o.productlist.main.14.5d6fGxJVGxJV2O&algo_pvid=d5d9217d-1359-4a1c-8207-6f8c90099fbc&algo_exp_id=d5d9217d-1359-4a1c-8207-6f8c90099fbc-26&pdp_ext_f=%7B%22order%22%3A%22382%22%2C%22eval%22%3A%221%22%2C%22fromPage%22%3A%22search%22%7D&pdp_npi=6%40dis%21EUR%211.50%211.50%21%21%211.70%211.70%21%40210390b817796264276564885e957e%2110000015255040523%21sea%21IT%214906144315%21X%211%210%21n_tag%3A-29919%3Bd%3Af5869dfc%3Bm03_new_user%3A-29895&curPageLogUid=IFhwrmJCxCWl&utparam-url=scene%3Asearch%7Cquery_from%3A%7Cx_object_id%3A4001191068539%7C_p_origin_prod%3A;805;1,6;2;
L15;1 mH;L14;805;L14;L14;
crystal;;;;;;
Y1;16 MHz;https://it.aliexpress.com/item/1005007210644647.html?spm=a2g0o.productlist.main.4.3064NA68NA689G&algo_pvid=bccc2910-36a3-4803-8919-23a5230eb7e6&algo_exp_id=bccc2910-36a3-4803-8919-23a5230eb7e6-3&pdp_ext_f=%7B%22order%22%3A%2213%22%2C%22eval%22%3A%221%22%2C%22fromPage%22%3A%22search%22%7D&pdp_npi=6%40dis%21EUR%219.34%213.11%21%21%2172.05%2124.00%21%4021039a5b17796272875813714ec185%2112000039818872892%21sea%21IT%214906144315%21X%211%210%21n_tag%3A-29919%3Bd%3Af5869dfc%3Bm03_new_user%3A-29895&curPageLogUid=bcvfZR4XvBPS&utparam-url=scene%3Asearch%7Cquery_from%3A%7Cx_object_id%3A1005007210644647%7C_p_origin_prod%3A;5032;3,16;1;
Y2;26 MHz;https://it.aliexpress.com/item/1005004711354176.html?spm=a2g0o.productlist.main.5.79c0SSjJSSjJLo&algo_pvid=e8febc7a-0d0c-40ef-8010-15e64fd45a9f&algo_exp_id=e8febc7a-0d0c-40ef-8010-15e64fd45a9f-7&pdp_ext_f=%7B%22order%22%3A%2218%22%2C%22eval%22%3A%221%22%2C%22fromPage%22%3A%22search%22%7D&pdp_npi=6%40dis%21EUR%212.75%212.75%21%21%213.12%213.12%21%40210385db17796276347283432e2d98%2112000030191608202%21sea%21IT%214906144315%21X%211%210%21n_tag%3A-29919%3Bd%3Af5869dfc%3Bm03_new_user%3A-29895&curPageLogUid=sEWfQk2pigRD&utparam-url=scene%3Asearch%7Cquery_from%3A%7Cx_object_id%3A1005004711354176%7C_p_origin_prod%3A;5032;2,79;1;
Y3;27.12 MHz;https://it.aliexpress.com/item/1005004711354176.html?spm=a2g0o.productlist.main.5.79c0SSjJSSjJLo&algo_pvid=e8febc7a-0d0c-40ef-8010-15e64fd45a9f&algo_exp_id=e8febc7a-0d0c-40ef-8010-15e64fd45a9f-7&pdp_ext_f=%7B%22order%22%3A%2218%22%2C%22eval%22%3A%221%22%2C%22fromPage%22%3A%22search%22%7D&pdp_npi=6%40dis%21EUR%212.75%212.75%21%21%213.12%213.12%21%40210385db17796276347283432e2d98%2112000030191608202%21sea%21IT%214906144315%21X%211%210%21n_tag%3A-29919%3Bd%3Af5869dfc%3Bm03_new_user%3A-29895&curPageLogUid=sEWfQk2pigRD&utparam-url=scene%3Asearch%7Cquery_from%3A%7Cx_object_id%3A1005004711354176%7C_p_origin_prod%3A;5032;2,75;2;
Y4;27.12MHz;Y3;5032;Y3;Y3;
buttons;;;;;;
SW1;navigation;https://it.aliexpress.com/item/1005006870284823.html?spm=a2g0o.productlist.main.6.2169Ia3vIa3vNx&algo_pvid=9eb8cf49-b632-4c31-b70f-1379a0a39871&algo_exp_id=9eb8cf49-b632-4c31-b70f-1379a0a39871-12&pdp_ext_f=%7B%22order%22%3A%22138%22%2C%22eval%22%3A%221%22%2C%22fromPage%22%3A%22search%22%7D&pdp_npi=6%40dis%21EUR%213.05%211.53%21%21%2123.50%2111.75%21%40210388c917796277680864939e5160%2112000038573706642%21sea%21IT%214906144315%21X%211%210%21n_tag%3A-29919%3Bd%3Af5869dfc%3Bm03_new_user%3A-29895&curPageLogUid=iBAjoDabdN8o&utparam-url=scene%3Asearch%7Cquery_from%3A%7Cx_object_id%3A1005006870284823%7C_p_origin_prod%3A;smd  6x6 mm;1,69;4;
SW2;navigation;SW1;smd  6x6 mm;SW1;SW1;
SW3;navigation;SW1;smd  6x6 mm;SW1;SW1;
SW4;navigation;SW1;smd  6x6 mm;SW1;SW1;
SW5;on/off;https://it.aliexpress.com/item/1005004328667818.html?spm=a2g0o.detail.pcDetailTopMoreOtherSeller.2.448dcxGgcxGgf8&gps-id=pcDetailTopMoreOtherSeller&scm=1007.40050.354490.0&scm_id=1007.40050.354490.0&scm-url=1007.40050.354490.0&pvid=2e977209-b67c-4d26-8dd2-4ed26ae80d1e&_t=gps-id%3ApcDetailTopMoreOtherSeller%2Cscm-url%3A1007.40050.354490.0%2Cpvid%3A2e977209-b67c-4d26-8dd2-4ed26ae80d1e%2Ctpp_buckets%3A668%232846%238111%231996&pdp_ext_f=%7B%22order%22%3A%22320%22%2C%22eval%22%3A%221%22%2C%22sceneId%22%3A%2230050%22%2C%22fromPage%22%3A%22recommend%22%7D&pdp_npi=6%40dis%21EUR%211.94%211.94%21%21%212.20%212.20%21%4021038b2f17796278847188095e13bd%2112000028774539362%21rec%21IT%214906144315%21X%211%210%21n_tag%3A-29919%3Bd%3Af5869dfc%3Bm03_new_user%3A-29895&utparam-url=scene%3ApcDetailTopMoreOtherSeller%7Cquery_from%3A%7Cx_object_id%3A1005004328667818%7C_p_origin_prod%3A;tht 3 way switch;2,72;1;
SW6;RESET;https://it.aliexpress.com/item/1005008404608815.html?spm=a2g0o.productlist.main.54.72c8kGKYkGKYnS&algo_pvid=db8e95ea-9ffc-4847-8a3d-663e6f3bbb68&algo_exp_id=db8e95ea-9ffc-4847-8a3d-663e6f3bbb68-55&pdp_ext_f=%7B%22order%22%3A%2247%22%2C%22eval%22%3A%221%22%2C%22fromPage%22%3A%22search%22%7D&pdp_npi=6%40dis%21EUR%212.26%212.26%21%21%212.56%212.56%21%40211b441e17796282021741059ef360%2112000044899247473%21sea%21IT%214906144315%21X%211%210%21n_tag%3A-29919%3Bd%3Af5869dfc%3Bm03_new_user%3A-29895&curPageLogUid=beYw408Avuco&utparam-url=scene%3Asearch%7Cquery_from%3A%7Cx_object_id%3A1005008404608815%7C_p_origin_prod%3A;smd  6x3 mm;2,35;2;
SW7;BOOT;SW6;smd  6x3 mm;;SW6;
modules;;;;;;
U1;AMS1117-3.3;https://it.aliexpress.com/item/1005007027620474.html?spm=a2g0o.productlist.main.5.34e62fe75BcQer&algo_pvid=a567ea3c-ef47-4883-9d76-91b63976dbb3&algo_exp_id=a567ea3c-ef47-4883-9d76-91b63976dbb3-11&pdp_ext_f=%7B%22order%22%3A%22111%22%2C%22eval%22%3A%221%22%2C%22fromPage%22%3A%22search%22%7D&pdp_npi=6%40dis%21EUR%213.78%211.25%21%21%2129.15%219.60%21%402103846917796288047282844ec225%2112000039142621455%21sea%21IT%214906144315%21X%211%210%21n_tag%3A-29919%3Bd%3Af5869dfc%3Bm03_new_user%3A-29895&curPageLogUid=eo6dvrBMm3cE&utparam-url=scene%3Asearch%7Cquery_from%3A%7Cx_object_id%3A1005007027620474%7C_p_origin_prod%3A;voltage regulator;1,25;1;
U2;ESP32-S3-WROOM-1-N4R2;https://it.aliexpress.com/item/1005006214506085.html?spm=a2g0o.order_list.order_list_main.105.42263696sY28f1&gatewayAdapt=glo2ita;ESP32 S3 N16R8;4,99;1;
U3;CH343P;https://it.aliexpress.com/item/1005009691777003.html?spm=a2g0o.productlist.main.8.7e72C3lpC3lpuR&aem_p4p_detail=202605240622586867226119017130001392912&algo_pvid=ef21c7c7-f326-4314-b0b8-afe7368deb78&algo_exp_id=ef21c7c7-f326-4314-b0b8-afe7368deb78-7&pdp_ext_f=%7B%22order%22%3A%229%22%2C%22spu_best_type%22%3A%22price%22%2C%22eval%22%3A%221%22%2C%22fromPage%22%3A%22search%22%7D&pdp_npi=6%40dis%21EUR%214.54%214.54%21%21%2135.00%2135.00%21%40211b431017796289783336875efbfc%2112000049869953356%21sea%21IT%214906144315%21X%211%210%21n_tag%3A-29919%3Bd%3Af5869dfc%3Bm03_new_user%3A-29895&curPageLogUid=lfFt8St0bZKK&utparam-url=scene%3Asearch%7Cquery_from%3A%7Cx_object_id%3A1005009691777003%7C_p_origin_prod%3A&search_p4p_id=202605240622586867226119017130001392912_2;com converter;4,54;1;
U4;CN3063-SOIC8;https://it.aliexpress.com/item/1005006908180461.html?spm=a2g0o.productlist.main.2.5628XowfXowfDJ&algo_pvid=097c48c7-18f3-4925-9420-5cf3b7d6dd60&algo_exp_id=097c48c7-18f3-4925-9420-5cf3b7d6dd60-1&pdp_ext_f=%7B%22order%22%3A%2228%22%2C%22spu_best_type%22%3A%22price%22%2C%22eval%22%3A%221%22%2C%22fromPage%22%3A%22search%22%7D&pdp_npi=6%40dis%21EUR%211.59%211.59%21%21%2112.27%2112.27%21%40211b61ae17796292172503341ec51f%2112000038681866570%21sea%21IT%214906144315%21X%211%210%21n_tag%3A-29919%3Bd%3Af5869dfc%3Bm03_new_user%3A-29895&curPageLogUid=8cHjriHsLvvB&utparam-url=scene%3Asearch%7Cquery_from%3A%7Cx_object_id%3A1005006908180461%7C_p_origin_prod%3A;battery protection;2,43;1;
U5;NRF24L01;https://it.aliexpress.com/item/1005008669394507.html?spm=a2g0o.productlist.main.48.6e10hZO7hZO7Pf&algo_pvid=f97fc205-81e2-457a-95a2-403381997d61&algo_exp_id=f97fc205-81e2-457a-95a2-403381997d61-47&pdp_ext_f=%7B%22order%22%3A%225%22%2C%22eval%22%3A%221%22%2C%22fromPage%22%3A%22search%22%7D&pdp_npi=6%40dis%21EUR%212.30%211.73%21%21%212.61%211.96%21%40211b653717796295042853362e35d0%2112000046168789252%21sea%21IT%214906144315%21X%211%210%21n_tag%3A-29919%3Bd%3Af5869dfc%3Bm03_new_user%3A-29895&curPageLogUid=WSLfC61CjqIJ&utparam-url=scene%3Asearch%7Cquery_from%3A%7Cx_object_id%3A1005008669394507%7C_p_origin_prod%3A;wifi module;6,02;1;
U6;PN5321A3HN_C1xx;https://it.aliexpress.com/item/1005012051748463.html?spm=a2g0o.productlist.main.1.25ab785bNMhcUz&algo_pvid=6ffb0359-79bb-4304-a1ed-b8df4493f3ad&algo_exp_id=6ffb0359-79bb-4304-a1ed-b8df4493f3ad-2&pdp_ext_f=%7B%22order%22%3A%221%22%2C%22eval%22%3A%221%22%2C%22fromPage%22%3A%22search%22%7D&pdp_npi=6%40dis%21EUR%211.94%211.94%21%21%212.20%212.20%21%40211b61ae17796296650751387ec4a8%2112000057387954311%21sea%21IT%214906144315%21X%211%210%21n_tag%3A-29919%3Bd%3Af5869dfc%3Bm03_new_user%3A-29895&curPageLogUid=8bTBY4V21dm6&utparam-url=scene%3Asearch%7Cquery_from%3A%7Cx_object_id%3A1005012051748463%7C_p_origin_prod%3A;nfc module;6,6;1;
ext;NFC_ANTENNA;https://it.aliexpress.com/item/1005007698497375.html?spm=a2g0o.productlist.main.1.f0eakdxDkdxDs6&algo_pvid=a042572c-ff20-4aaf-8b41-d2889edb74e4&algo_exp_id=a042572c-ff20-4aaf-8b41-d2889edb74e4-0&pdp_ext_f=%7B%22order%22%3A%22129%22%2C%22eval%22%3A%221%22%2C%22fromPage%22%3A%22search%22%7D&pdp_npi=6%40dis%21EUR%213.54%213.54%21%21%2127.35%2127.35%21%40211b65de17796297539175463e2198%2112000041901405301%21sea%21IT%214906144315%21X%211%210%21n_tag%3A-29919%3Bd%3Af5869dfc%3Bm03_new_user%3A-29895&curPageLogUid=fSUOjAmIQe1a&utparam-url=scene%3Asearch%7Cquery_from%3A%7Cx_object_id%3A1005007698497375%7C_p_origin_prod%3A;nfc antenna;8,53;1;
U8;CC1101;https://it.aliexpress.com/item/1005007128993296.html?spm=a2g0o.productlist.main.39.11af55c5yoq8EE&algo_pvid=b218cb97-b6d6-4be4-b34f-2ca85c9af49b&algo_exp_id=b218cb97-b6d6-4be4-b34f-2ca85c9af49b-38&pdp_ext_f=%7B%22order%22%3A%2235%22%2C%22spu_best_type%22%3A%22price%22%2C%22eval%22%3A%221%22%2C%22fromPage%22%3A%22search%22%7D&pdp_npi=6%40dis%21EUR%211.89%211.89%21%21%2114.58%2114.58%21%40211b653717796298078826562e3602%2112000039498368394%21sea%21IT%214906144315%21X%211%210%21n_tag%3A-29919%3Bd%3Af5869dfc%3Bm03_new_user%3A-29895&curPageLogUid=uCi7b2Ehsp0B&utparam-url=scene%3Asearch%7Cquery_from%3A%7Cx_object_id%3A1005007128993296%7C_p_origin_prod%3A;subG module;1,89;1;
U9;TPS61023DRLR;https://it.aliexpress.com/item/1005009341066247.html?spm=a2g0o.productlist.main.4.7f75wEYzwEYzLo&algo_pvid=81ef4914-9e5a-4cca-b023-a66edb254403&algo_exp_id=81ef4914-9e5a-4cca-b023-a66edb254403-4&pdp_ext_f=%7B%22order%22%3A%2248%22%2C%22eval%22%3A%221%22%2C%22fromPage%22%3A%22search%22%7D&pdp_npi=6%40dis%21EUR%212.73%212.73%21%21%213.10%213.10%21%40210390b817796429689601316e9547%2112000048807136392%21sea%21IT%214906144315%21X%211%210%21n_tag%3A-29919%3Bd%3Af5869dfc%3Bm03_new_user%3A-29895&curPageLogUid=EW8RQjSW1YOl&utparam-url=scene%3Asearch%7Cquery_from%3A%7Cx_object_id%3A1005009341066247%7C_p_origin_prod%3A;voltage booster;2,73;1;
U10;MFRC522;https://it.aliexpress.com/item/1005006882991356.html?spm=a2g0o.productlist.main.2.5d3eEZqKEZqK4u&algo_pvid=30597052-c573-4a95-85c9-753338dc4bbe&algo_exp_id=30597052-c573-4a95-85c9-753338dc4bbe-1&pdp_ext_f=%7B%22order%22%3A%222%22%2C%22eval%22%3A%221%22%2C%22fromPage%22%3A%22search%22%7D&pdp_npi=6%40dis%21EUR%213.99%213.99%21%21%214.52%214.52%21%402103890117796430303295284e0da5%2112000038609832017%21sea%21IT%214906144315%21X%211%210%21n_tag%3A-29919%3Bd%3Af5869dfc%3Bm03_new_user%3A-29895&curPageLogUid=t0XBgZNRLswo&utparam-url=scene%3Asearch%7Cquery_from%3A%7Cx_object_id%3A1005006882991356%7C_p_origin_prod%3A;rfid chip;5,62;1;
leds;;;;;;
D1;LED;https://it.aliexpress.com/item/32868897187.html?spm=a2g0o.productlist.main.2.71b5LTFtLTFtBf&algo_pvid=31717475-1b7d-44f8-98a6-8d03043973af&algo_exp_id=31717475-1b7d-44f8-98a6-8d03043973af-3&pdp_ext_f=%7B%22order%22%3A%22179%22%2C%22eval%22%3A%221%22%2C%22fromPage%22%3A%22search%22%7D&pdp_npi=6%40dis%21EUR%211.60%211.60%21%21%211.82%211.82%21%40210385db17796432040536575e2da6%2165515129373%21sea%21IT%214906144315%21X%211%210%21n_tag%3A-29919%3Bd%3Af5869dfc%3Bm03_new_user%3A-29895&curPageLogUid=WrrkifD2CvJr&utparam-url=scene%3Asearch%7Cquery_from%3A%7Cx_object_id%3A32868897187%7C_p_origin_prod%3A;1206;2,8;1;
D2;LED;https://it.aliexpress.com/item/1005007189026364.html?spm=a2g0o.productlist.main.1.41ef3ADF3ADFeq&algo_pvid=b51e1349-cb30-4d50-b625-ff8a4e2c082e&algo_exp_id=b51e1349-cb30-4d50-b625-ff8a4e2c082e-56&pdp_ext_f=%7B%22order%22%3A%2262%22%2C%22eval%22%3A%221%22%2C%22fromPage%22%3A%22search%22%7D&pdp_npi=6%40dis%21EUR%211.94%211.28%21%21%2114.96%219.88%21%402103846917796431201697222ec224%2112000039744967390%21sea%21IT%214906144315%21X%211%210%21n_tag%3A-29919%3Bd%3Af5869dfc%3Bm03_new_user%3A-29895&curPageLogUid=hpyrOKRV4CxG&utparam-url=scene%3Asearch%7Cquery_from%3A%7Cx_object_id%3A1005007189026364%7C_p_origin_prod%3A;1206;1,55;1;
D3;LED;https://it.aliexpress.com/item/1005007189026364.html?spm=a2g0o.productlist.main.1.41ef3ADF3ADFeq&algo_pvid=b51e1349-cb30-4d50-b625-ff8a4e2c082e&algo_exp_id=b51e1349-cb30-4d50-b625-ff8a4e2c082e-56&pdp_ext_f=%7B%22order%22%3A%2262%22%2C%22eval%22%3A%221%22%2C%22fromPage%22%3A%22search%22%7D&pdp_npi=6%40dis%21EUR%211.94%211.28%21%21%2114.96%219.88%21%402103846917796431201697222ec224%2112000039744967390%21sea%21IT%214906144315%21X%211%210%21n_tag%3A-29919%3Bd%3Af5869dfc%3Bm03_new_user%3A-29895&curPageLogUid=hpyrOKRV4CxG&utparam-url=scene%3Asearch%7Cquery_from%3A%7Cx_object_id%3A1005007189026364%7C_p_origin_prod%3A;1206;1,46;1;
D4;IRLED;https://it.aliexpress.com/item/1005010507118978.html?spm=a2g0o.imagesearchproductlist.main.1.9ca3ePVEePVE0i&algo_pvid=a8710266-1b19-454a-8ad6-1fdbb795aaff&algo_exp_id=a8710266-1b19-454a-8ad6-1fdbb795aaff&pdp_ext_f=%7B%22order%22%3A%22-1%22%2C%22fromPage%22%3A%22search%22%7D&pdp_npi=6%40dis%21EUR%210.08%210.08%21%21%210.61%210.61%21%40211b80c217796434211221879e860b%2112000052632766943%21sea%21IT%214906144315%21X%211%210%21n_tag%3A-29919%3Bd%3Af5869dfc%3Bm03_new_user%3A-29895&curPageLogUid=Z8oAhbBpiGvW&utparam-url=scene%3Aimage_search%7Cquery_from%3Apc_web_image_search%7Cx_object_id%3A1005010507118978%7C_p_origin_prod%3A;IR led;4,89;1;
transistors;;;;;;
Q1;2N3904;https://it.aliexpress.com/item/1005006501709413.html?spm=a2g0o.productlist.main.3.4501KvHvKvHvWC&algo_pvid=be4bb331-da62-4671-8e34-30b6d1f85d24&algo_exp_id=be4bb331-da62-4671-8e34-30b6d1f85d24-0&pdp_ext_f=%7B%22order%22%3A%2210%22%2C%22eval%22%3A%221%22%2C%22fromPage%22%3A%22search%22%7D&pdp_npi=6%40dis%21EUR%211.74%211.17%21%21%2113.43%219.03%21%40211b65de17796437272782374e2175%2112000037435866256%21sea%21IT%214906144315%21X%211%210%21n_tag%3A-29919%3Bd%3Af5869dfc%3Bm03_new_user%3A-29895&curPageLogUid=lXuedVDa8ppn&utparam-url=scene%3Asearch%7Cquery_from%3A%7Cx_object_id%3A1005006501709413%7C_p_origin_prod%3A;IR transistor;1,17;1;
Q2;BC817;https://it.aliexpress.com/item/1005006943124825.html?spm=a2g0o.productlist.main.1.5a9fServServ4Q&algo_pvid=dc71de02-f2b6-4c60-9e16-16a8c99e10af&algo_exp_id=dc71de02-f2b6-4c60-9e16-16a8c99e10af-36&pdp_ext_f=%7B%22order%22%3A%225%22%2C%22eval%22%3A%221%22%2C%22fromPage%22%3A%22search%22%7D&pdp_npi=6%40dis%21EUR%212.34%211.17%21%21%2118.09%219.05%21%402103892f17796440103705139eb440%2112000038807082016%21sea%21IT%214906144315%21X%211%210%21n_tag%3A-29919%3Bd%3Af5869dfc%3Bm03_new_user%3A-29895&curPageLogUid=QT5Nw3KXJYIP&utparam-url=scene%3Asearch%7Cquery_from%3A%7Cx_object_id%3A1005006943124825%7C_p_origin_prod%3A;Antenna transistor;1,17;4;
Q3;BC817;Q2;Antenna transistor;Q2;Q2;
Q4;BC817;Q2;Antenna transistor;Q2;Q2;
Q5;BC817;Q2;Antenna transistor;Q2;Q2;
diodes;;;;;;
D5;1N5817;https://it.aliexpress.com/item/1005006884142108.html?spm=a2g0o.productlist.main.1.4c3cxxSExxSEH3&algo_pvid=ce0458fb-81f6-4e2d-8e3b-0fc08f89d8b8&algo_exp_id=ce0458fb-81f6-4e2d-8e3b-0fc08f89d8b8-1&pdp_ext_f=%7B%22order%22%3A%222%22%2C%22eval%22%3A%221%22%2C%22fromPage%22%3A%22search%22%7D&pdp_npi=6%40dis%21EUR%213.37%211.69%21%21%2126.00%2113.05%21%402103894417796441920534446e68d6%2112000038612234304%21sea%21IT%214906144315%21X%211%210%21n_tag%3A-29919%3Bd%3Af5869dfc%3Bm03_new_user%3A-29895&curPageLogUid=pNE6jaPw82sV&utparam-url=scene%3Asearch%7Cquery_from%3A%7Cx_object_id%3A1005006884142108%7C_p_origin_prod%3A;smd;1,69;1;
others;;;;;;
A1;TSOP38238;https://it.aliexpress.com/item/1005008745425158.html?spm=a2g0o.productlist.main.3.1cd3WLjSWLjSzi&algo_pvid=4061daa2-62db-4a5e-8309-44d29684037c&algo_exp_id=4061daa2-62db-4a5e-8309-44d29684037c-16&pdp_ext_f=%7B%22order%22%3A%2258%22%2C%22eval%22%3A%221%22%2C%22fromPage%22%3A%22search%22%7D&pdp_npi=6%40dis%21EUR%211.99%211.99%21%21%212.26%212.26%21%40211b813f17796493645958696e1f5b%2112000046494022697%21sea%21IT%214906144315%21X%211%210%21n_tag%3A-29919%3Bd%3Af5869dfc%3Bm03_new_user%3A-29895&curPageLogUid=qJE8AEBCzdoq&utparam-url=scene%3Asearch%7Cquery_from%3A%7Cx_object_id%3A1005008745425158%7C_p_origin_prod%3A;IR reciver;2,8;1;
J1;CQ-USB-C16PSMT01;https://it.aliexpress.com/item/1005010643898257.html?spm=a2g0o.productlist.main.1.6db35c2fD8cMMr&algo_pvid=3fbcd234-da0a-44f2-b64b-c9eace8fe09a&algo_exp_id=3fbcd234-da0a-44f2-b64b-c9eace8fe09a-0&pdp_ext_f=%7B%22order%22%3A%22122%22%2C%22eval%22%3A%221%22%2C%22fromPage%22%3A%22search%22%7D&pdp_npi=6%40dis%21EUR%213.97%211.95%21%21%2130.63%2115.01%21%40211b81a317796497228452071e5c98%2112000053064118411%21sea%21IT%214906144315%21X%211%210%21n_tag%3A-29919%3Bd%3Af5869dfc%3Bm03_new_user%3A-29895&curPageLogUid=aFt3XDvcOZhM&utparam-url=scene%3Asearch%7Cquery_from%3A%7Cx_object_id%3A1005010643898257%7C_p_origin_prod%3A;USB-C port;2,27;1;
J2;PINHD_1x8_Female;https://it.aliexpress.com/item/1005009269759277.html?spm=a2g0o.cart.0.0.4b3618fcjIJoUQ&mp=1&pdp_npi=6%40dis%21EUR%21EUR+6.15%21EUR+3.08%21%21EUR+3.08%21%21%21%400b0fe08917796498012037186e0f64%2112000048554798927%21ct%21IT%214906144315%21%211%210%21&gatewayAdapt=glo2ita;display;3,08;1;
J3;JST_02;https://it.aliexpress.com/item/1005009883885132.html?spm=a2g0o.order_list.order_list_main.40.79833696sp85lB&gatewayAdapt=glo2ita;battery plug;2,22;1;
J4;142-0701-501;https://it.aliexpress.com/item/1005009514982478.html?spm=a2g0o.productlist.main.24.7104fprmfprmtc&aem_p4p_detail=2026052412142612898508954635590001598857&algo_pvid=70cf272e-f5ab-44ea-9443-c1b287a29fe1&algo_exp_id=70cf272e-f5ab-44ea-9443-c1b287a29fe1-23&pdp_ext_f=%7B%22order%22%3A%22114%22%2C%22spu_best_type%22%3A%22price%22%2C%22eval%22%3A%221%22%2C%22fromPage%22%3A%22search%22%7D&pdp_npi=6%40dis%21EUR%214.79%214.79%21%21%2136.96%2136.96%21%40211b61ae17796500667768095ec4a4%2112000049337004314%21sea%21IT%214906144315%21X%211%210%21n_tag%3A-29919%3Bd%3Af5869dfc%3Bm03_new_user%3A-29895&curPageLogUid=lCuaA8hYuMzd&utparam-url=scene%3Asearch%7Cquery_from%3A%7Cx_object_id%3A1005009514982478%7C_p_origin_prod%3A&search_p4p_id=2026052412142612898508954635590001598857_6;antenna;4,79;2;
J5;142-0701-501;J4;antenna;J4;J4;
battery;li-on battery;https://it.aliexpress.com/item/1005009932615983.html?spm=a2g0o.productlist.main.5.9dd0HN31HN31vP&algo_pvid=265c26f4-e212-4aba-839a-3722ebddc6ad&algo_exp_id=265c26f4-e212-4aba-839a-3722ebddc6ad-54&pdp_ext_f=%7B%22order%22%3A%2262%22%2C%22eval%22%3A%221%22%2C%22fromPage%22%3A%22search%22%7D&pdp_npi=6%40dis%21EUR%2122.31%214.91%21%21%21172.14%2137.87%21%402103985c17796503303995400ebd62%2112000050614071744%21sea%21IT%214906144315%21X%211%210%21n_tag%3A-29919%3Bd%3Af5869dfc%3Bm03_new_user%3A-29895&curPageLogUid=ReWIC8XHdLaH&utparam-url=scene%3Asearch%7Cquery_from%3A%7Cx_object_id%3A1005009932615983%7C_p_origin_prod%3A;inr18650;4,91;1;
J6;MSD-4-A;https://it.aliexpress.com/item/1005006273533788.html?spm=a2g0o.detail.pcDetailTopMoreOtherSeller.1.794bVa1PVa1PwG&gps-id=pcDetailTopMoreOtherSeller&scm=1007.40050.354490.0&scm_id=1007.40050.354490.0&scm-url=1007.40050.354490.0&pvid=553a899e-10f1-43d0-9034-acb9165b93b5&_t=gps-id%3ApcDetailTopMoreOtherSeller%2Cscm-url%3A1007.40050.354490.0%2Cpvid%3A553a899e-10f1-43d0-9034-acb9165b93b5%2Ctpp_buckets%3A668%232846%238111%231996&pdp_ext_f=%7B%22order%22%3A%22500%22%2C%22spu_best_type%22%3A%22price%22%2C%22eval%22%3A%221%22%2C%22sceneId%22%3A%2230050%22%2C%22fromPage%22%3A%22recommend%22%7D&pdp_npi=6%40dis%21EUR%212.21%212.21%21%21%2117.06%2117.06%21%4021613bf617796507664634814e0ef5%2112000036561010743%21rec%21IT%214906144315%21X%211%210%21n_tag%3A-29919%3Bd%3Af5869dfc%3Bm03_new_user%3A-29895&utparam-url=scene%3ApcDetailTopMoreOtherSeller%7Cquery_from%3A%7Cx_object_id%3A1005006273533788%7C_p_origin_prod%3A;microsd port;2,24;1;
J7;U.FL-R-SMT_01_;https://it.aliexpress.com/item/1005005916203605.html?spm=a2g0o.productlist.main.2.62cf13143GdgzE&algo_pvid=517ad06f-78f7-45cc-baaa-c305dbed413b&algo_exp_id=517ad06f-78f7-45cc-baaa-c305dbed413b-2&pdp_ext_f=%7B%22order%22%3A%221828%22%2C%22eval%22%3A%221%22%2C%22fromPage%22%3A%22search%22%7D&pdp_npi=6%40dis%21EUR%211.65%211.65%21%21%211.87%211.87%21%40211b65de17796505486591783e2193%2112000034837053221%21sea%21IT%214906144315%21X%211%210%21n_tag%3A-29919%3Bd%3Af5869dfc%3Bm03_new_user%3A-29895&curPageLogUid=NtsohWME3dss&utparam-url=scene%3Asearch%7Cquery_from%3A%7Cx_object_id%3A1005005916203605%7C_p_origin_prod%3A;nfc antenna;1,65;1;
rf antennas;antennas;https://it.aliexpress.com/item/1005009456185238.html?spm=a2g0o.productlist.main.7.2049bEpxbEpxLe&algo_pvid=a7025189-5b29-4485-87d2-8368bb0eab06&algo_exp_id=a7025189-5b29-4485-87d2-8368bb0eab06-6&pdp_ext_f=%7B%22order%22%3A%22206%22%2C%22eval%22%3A%221%22%2C%22fromPage%22%3A%22search%22%7D&pdp_npi=6%40dis%21EUR%212.84%212.61%21%21%2121.87%2120.10%21%40211b815c17798052574232349e9c18%2112000049159339068%21sea%21IT%214906144315%21X%211%210%21n_tag%3A-29919%3Bd%3Af5869dfc%3Bm03_new_user%3A-29895%3BpisId%3A5000000207667627&curPageLogUid=LxZNGYLj3zpj&utparam-url=scene%3Asearch%7Cquery_from%3A%7Cx_object_id%3A1005009456185238%7C_p_origin_prod%3A;subg and wifi antennas;2,67;2;
pcb;;;;;;
pcb;pcb;;the motherboard of the project;43,15;1;
stencil;stencil;pcb;to put the solder paste;pcb;pcb;
tools;;;;;;
solder paste;paste;https://it.aliexpress.com/item/1005008590694612.html?spm=a2g0o.productlist.main.29.154ef0Lef0Le5R&algo_pvid=eeb67b06-5cae-47db-8b62-9576f5fa0ae4&algo_exp_id=eeb67b06-5cae-47db-8b62-9576f5fa0ae4-26&pdp_ext_f=%7B%22order%22%3A%227494%22%2C%22spu_best_type%22%3A%22price%22%2C%22eval%22%3A%221%22%2C%22fromPage%22%3A%22search%22%7D&pdp_npi=6%40dis%21EUR%216.49%213.05%21%21%2150.04%2123.52%21%40211b65de17796515023982642e2175%2112000045860980300%21sea%21IT%214906144315%21X%211%210%21n_tag%3A-29919%3Bd%3Af5869dfc%3Bm03_new_user%3A-29895&curPageLogUid=S2Oe7UAJmCP7&utparam-url=scene%3Asearch%7Cquery_from%3A%7Cx_object_id%3A1005008590694612%7C_p_origin_prod%3A;for the smd components;3,45;1;
solder spool;solder;https://it.aliexpress.com/item/1005012037824511.html?spm=a2g0o.productlist.main.45.48c11275Oipu8v&algo_pvid=beb89125-6043-4394-bb38-e3101c898988&algo_exp_id=beb89125-6043-4394-bb38-e3101c898988-42&pdp_ext_f=%7B%22order%22%3A%2299%22%2C%22eval%22%3A%221%22%2C%22fromPage%22%3A%22search%22%7D&pdp_npi=6%40dis%21EUR%2120.60%2113.59%21%21%21158.95%21104.86%21%40211b61ae17796522361024149ec4f6%2112000057354578240%21sea%21IT%214906144315%21X%211%210%21n_tag%3A-29919%3Bd%3Af5869dfc%3Bm03_new_user%3A-29895&curPageLogUid=fqKpRQII2cfI&utparam-url=scene%3Asearch%7Cquery_from%3A%7Cx_object_id%3A1005012037824511%7C_p_origin_prod%3A;for the tht components;13,59;1;
